
SET SQL_MODE="NO_AUTO_VALUE_ON_ZERO";
SET time_zone = "+00:00";


/*!40101 SET @OLD_CHARACTER_SET_CLIENT=@@CHARACTER_SET_CLIENT */;
/*!40101 SET @OLD_CHARACTER_SET_RESULTS=@@CHARACTER_SET_RESULTS */;
/*!40101 SET @OLD_COLLATION_CONNECTION=@@COLLATION_CONNECTION */;
/*!40101 SET NAMES utf8 */;

--
-- Database: `hela`
--

-- --------------------------------------------------------

--
-- Table structure for table `county`
--

CREATE TABLE IF NOT EXISTS `county` (
  `id` int(10) unsigned NOT NULL AUTO_INCREMENT,
  `name` varchar(100) NOT NULL,
  PRIMARY KEY (`id`),
  UNIQUE KEY `UNIQUE_NAME` (`name`)
) ENGINE=InnoDB  DEFAULT CHARSET=latin1 AUTO_INCREMENT=51 ;

--
-- Dumping data for table `county`
--

INSERT INTO `county` (`id`, `name`) VALUES
(29, 'Baringo'),
(37, 'Bomet'),
(38, 'Bungoma'),
(40, 'Busia'),
(28, 'Elgeyo Marakwet'),
(49, 'Embu'),
(1, 'Garissa'),
(43, 'Homa Bay'),
(2, 'Isiolo'),
(33, 'kajiado'),
(26, 'Kakamega'),
(34, 'Kericho'),
(3, 'Kiambu'),
(4, 'Kilifi'),
(5, 'kirinyaga'),
(47, 'Kisii'),
(42, 'Kisumu'),
(6, 'kitui'),
(7, 'kwale'),
(30, 'laikipia'),
(50, 'Lamu'),
(8, 'machakos'),
(9, 'makueni'),
(10, 'marsabit'),
(11, 'Meru'),
(44, 'Migori'),
(12, 'mombasa'),
(13, 'muranga'),
(48, 'Nairobi'),
(31, 'Nakuru'),
(27, 'Nandi'),
(32, 'Narok'),
(17, 'nyamira'),
(14, 'nyandarua'),
(15, 'nyeri'),
(20, 'samburu'),
(41, 'siaya'),
(19, 'Taita Taveta'),
(21, 'Tana River'),
(22, 'Tharaka Nithi'),
(18, 'Trans Nzoia'),
(16, 'Turkana'),
(23, 'Uasin Gishu'),
(39, 'Vihiga'),
(24, 'wajir'),
(25, 'West Pokot');

-- --------------------------------------------------------

--
-- Table structure for table `county_mdgs`
--

CREATE TABLE IF NOT EXISTS `county_mdgs` (
  `id` int(10) unsigned NOT NULL AUTO_INCREMENT,
  `county` int(10) unsigned DEFAULT NULL,
  `mdg` int(10) unsigned DEFAULT NULL,
  `amount` decimal(50,0) DEFAULT NULL,
  PRIMARY KEY (`id`),
  KEY `county` (`county`),
  KEY `mdg` (`mdg`)
) ENGINE=InnoDB  DEFAULT CHARSET=latin1 AUTO_INCREMENT=373 ;

--
-- Dumping data for table `county_mdgs`
--

INSERT INTO `county_mdgs` (`id`, `county`, `mdg`, `amount`) VALUES
(1, 1, 1, '4497487141'),
(2, 1, 2, '405446429'),
(3, 1, 3, '942801129'),
(4, 1, 4, '17186664'),
(5, 1, 5, '17186664'),
(6, 1, 6, '0'),
(7, 1, 7, '2090553079'),
(8, 1, 8, '2222962000'),
(9, 2, 1, '38430990001'),
(10, 2, 2, '0'),
(11, 2, 3, '34826490000'),
(12, 2, 4, '3350000000'),
(13, 2, 5, '52000000'),
(14, 2, 6, '358831965091'),
(15, 2, 7, '358831965091'),
(16, 2, 8, '1800000'),
(17, 3, 1, '13591142573'),
(18, 3, 2, '5000002'),
(19, 3, 3, '4701493719'),
(20, 3, 4, '3122400000'),
(21, 3, 5, '8142053280'),
(22, 3, 6, '5040853280'),
(23, 3, 7, '3364989000'),
(24, 3, 8, '7312153280'),
(25, 4, 1, '4425428677'),
(26, 4, 2, '0'),
(27, 4, 3, '28642100'),
(28, 4, 4, '25280000'),
(29, 4, 5, '47279920'),
(30, 4, 6, '63879920'),
(31, 4, 7, '4559540717'),
(32, 4, 8, '225562010'),
(33, 5, 1, '26194564899'),
(34, 5, 2, '0'),
(35, 5, 3, '10225010423'),
(36, 5, 4, '3126200000'),
(37, 5, 5, '7208353280'),
(38, 5, 6, '4107153280'),
(39, 5, 7, '6519201229'),
(40, 5, 8, '4471763670'),
(41, 6, 8, '2006000000'),
(42, 6, 7, '2948801129'),
(43, 6, 6, '0'),
(44, 6, 5, '0'),
(45, 6, 4, '0'),
(46, 6, 3, '942801129'),
(47, 6, 2, '0'),
(48, 6, 1, '2956301129'),
(49, 7, 1, '15000000'),
(50, 7, 2, '0'),
(51, 7, 3, '0'),
(52, 7, 4, '0'),
(53, 7, 5, '0'),
(54, 7, 6, '0'),
(55, 7, 7, '45600000'),
(56, 7, 8, '0'),
(57, 8, 1, '2824865242'),
(58, 8, 2, '0'),
(59, 8, 3, '186784074'),
(60, 8, 4, '0'),
(61, 8, 5, '0'),
(62, 8, 6, '0'),
(63, 8, 7, '186469555'),
(64, 8, 8, '147540984'),
(65, 9, 8, '0'),
(66, 9, 7, '4000000'),
(67, 9, 6, '0'),
(68, 9, 5, '0'),
(69, 9, 4, '0'),
(70, 9, 3, '0'),
(71, 9, 2, '0'),
(72, 9, 1, '2637437696'),
(73, 10, 1, '18537467532'),
(74, 10, 2, '170300000'),
(75, 10, 3, '125000000'),
(76, 10, 4, '125000000'),
(77, 10, 5, '125000000'),
(78, 10, 6, '0'),
(79, 10, 7, '18'),
(80, 10, 8, '18537467532'),
(81, 11, 1, '9955772707'),
(82, 11, 2, '0'),
(83, 11, 3, '6142857143'),
(84, 11, 4, '48277658'),
(85, 11, 5, '48277658'),
(86, 11, 6, '48277658'),
(87, 11, 7, '6519201229'),
(88, 11, 8, '389610390'),
(89, 12, 1, '2622902597'),
(90, 12, 2, '3697402597'),
(91, 12, 3, '0'),
(92, 12, 4, '18959947'),
(93, 12, 5, '956459947'),
(94, 12, 6, '956459947'),
(95, 12, 7, '9108527'),
(96, 12, 8, '500000000'),
(97, 13, 1, '2674488251'),
(98, 13, 2, '0'),
(99, 13, 3, '10378900562'),
(100, 13, 4, '3080000000'),
(101, 13, 5, '7162153280'),
(102, 13, 6, '4082153280'),
(103, 13, 7, '9672216309'),
(104, 13, 8, '7611512446'),
(105, 14, 1, '5710180556'),
(106, 14, 2, '0'),
(107, 14, 3, '0'),
(108, 14, 4, '5686180556'),
(109, 14, 5, '5706180556'),
(110, 14, 6, '0'),
(111, 14, 7, '1903510'),
(113, 14, 8, '2626180556'),
(114, 15, 1, '13883705258'),
(115, 15, 2, '0'),
(116, 15, 3, '13541114820'),
(117, 15, 4, '1003359418'),
(118, 15, 5, '5106712698'),
(119, 15, 6, '4587891034'),
(120, 15, 7, '6360449153'),
(121, 15, 8, '8112841351'),
(122, 18, 1, '0'),
(123, 18, 2, '0'),
(124, 18, 3, '0'),
(125, 18, 4, '0'),
(126, 18, 5, '0'),
(127, 18, 6, '0'),
(128, 18, 7, '2305948117'),
(129, 18, 8, '950000000'),
(130, 19, 1, '318741342'),
(131, 19, 2, '0'),
(132, 19, 3, '200000000'),
(133, 19, 4, '0'),
(134, 19, 5, '0'),
(135, 19, 6, '0'),
(136, 19, 7, '200000000'),
(137, 19, 8, '200000000'),
(138, 17, 1, '0'),
(139, 17, 2, '15014821'),
(140, 17, 3, '2214221159'),
(141, 17, 4, '1788436641'),
(142, 17, 5, '1788436641'),
(143, 17, 6, '2235406338'),
(144, 17, 7, '0'),
(145, 17, 8, '0'),
(146, 16, 1, '0'),
(147, 16, 2, '405446429'),
(148, 16, 3, '0'),
(149, 16, 4, '0'),
(150, 16, 5, '0'),
(151, 16, 6, '0'),
(152, 16, 7, '405446429'),
(153, 16, 8, '0'),
(154, 21, 1, '2924344828'),
(155, 21, 2, '0'),
(156, 21, 3, '23507265562'),
(157, 21, 4, '480000000'),
(158, 21, 5, '803442562'),
(159, 21, 6, '0'),
(160, 21, 7, '2924344828'),
(161, 21, 8, '0'),
(162, 20, 1, '0'),
(163, 20, 2, '0'),
(164, 20, 3, '7000000'),
(165, 20, 4, '1200000'),
(166, 20, 5, '1200000'),
(167, 20, 6, '8200000'),
(168, 20, 7, '7000000'),
(169, 20, 8, '7000000'),
(171, 22, 1, '8740259740'),
(172, 22, 2, '0'),
(173, 22, 3, '6142857143'),
(174, 22, 4, '17067170'),
(175, 22, 5, '17067170'),
(176, 22, 6, '0'),
(177, 22, 7, '6142857143'),
(178, 22, 8, '17067170'),
(179, 23, 1, '0'),
(180, 23, 2, '206000000'),
(181, 23, 3, '226166667'),
(182, 23, 4, '0'),
(183, 23, 5, '130000000'),
(184, 23, 6, '0'),
(185, 23, 7, '1733631997'),
(186, 23, 8, '1538657010'),
(187, 24, 1, '80543506'),
(188, 24, 2, '0'),
(189, 24, 3, '0'),
(190, 24, 4, '800000000'),
(191, 24, 5, '880543506'),
(192, 24, 6, '0'),
(193, 24, 7, '1567000000'),
(194, 24, 8, '0'),
(195, 25, 1, '0'),
(196, 25, 2, '0'),
(197, 25, 3, '0'),
(198, 25, 4, '0'),
(199, 25, 5, '0'),
(200, 25, 6, '0'),
(201, 25, 7, '1291606061'),
(202, 25, 8, '0'),
(203, 26, 1, '212898950151'),
(204, 26, 2, '5700000'),
(205, 26, 3, '29616673'),
(206, 26, 4, '6000000'),
(207, 26, 5, '6000000'),
(208, 26, 6, '6000000'),
(209, 26, 7, '2211772728'),
(210, 26, 8, '902000000'),
(211, 27, 1, '82074737'),
(212, 27, 2, '10250000'),
(213, 27, 3, '28574737'),
(214, 27, 4, '10000000'),
(215, 27, 5, '10000000'),
(216, 27, 6, '10000000'),
(217, 27, 7, '1286000798'),
(218, 27, 8, '43138057'),
(219, 28, 1, '250201126'),
(220, 28, 2, '0'),
(221, 28, 3, '0'),
(222, 28, 4, '0'),
(223, 28, 5, '0'),
(224, 28, 6, '0'),
(225, 28, 7, '1535807187'),
(226, 28, 8, '0'),
(227, 29, 1, '14256000'),
(228, 29, 2, '37256000'),
(229, 29, 3, '1000000000'),
(230, 29, 4, '14256000'),
(231, 29, 5, '0'),
(232, 29, 6, '0'),
(233, 29, 7, '3571000000'),
(234, 29, 8, '0'),
(235, 30, 1, '7218793280'),
(236, 30, 2, '44236000'),
(237, 30, 3, '4082153280'),
(238, 30, 4, '3080000000'),
(239, 30, 5, '7162153280'),
(240, 30, 6, '4082153280'),
(241, 30, 7, '3700000'),
(242, 30, 8, '4082153280'),
(243, 31, 1, '3077035291'),
(244, 31, 2, '0'),
(245, 31, 3, '389329337'),
(246, 31, 4, '4406851985'),
(247, 31, 5, '4314851905'),
(248, 31, 6, '1688671349'),
(249, 31, 7, '15339289117'),
(250, 31, 8, '18276865919'),
(251, 32, 1, '12037236849'),
(252, 32, 2, '0'),
(253, 32, 3, '942801129'),
(254, 32, 4, '140000000'),
(255, 32, 5, '140000000'),
(256, 32, 6, '0'),
(257, 32, 7, '11782801129'),
(258, 32, 8, '11022500000'),
(259, 33, 1, '6803673739'),
(260, 33, 2, '0'),
(261, 33, 3, '207100233'),
(262, 33, 4, '210966143'),
(263, 33, 5, '43109000'),
(264, 33, 6, '43109000'),
(265, 33, 7, '8201768311'),
(266, 33, 8, '6596573506'),
(267, 34, 1, '47294737'),
(268, 34, 2, '32740000'),
(269, 34, 3, '19944737'),
(270, 34, 4, '9490000'),
(271, 34, 5, '19490000'),
(272, 34, 6, '9490000'),
(273, 34, 7, '394737'),
(274, 34, 8, '394737'),
(275, 37, 1, '18234620'),
(276, 37, 2, '0'),
(277, 37, 3, '0'),
(278, 37, 4, '0'),
(279, 37, 5, '0'),
(280, 37, 6, '0'),
(281, 37, 7, '0'),
(282, 37, 8, '0'),
(283, 39, 1, '212096961039'),
(284, 39, 2, '0'),
(285, 39, 3, '85000000'),
(286, 39, 4, '0'),
(287, 39, 5, '0'),
(288, 39, 6, '0'),
(289, 39, 7, '1285767061'),
(290, 39, 8, '85000000'),
(291, 38, 1, '549796343'),
(292, 38, 2, '0'),
(293, 38, 3, '147540984'),
(294, 38, 4, '0'),
(295, 38, 5, '0'),
(296, 38, 6, '0'),
(297, 38, 7, '434845050'),
(298, 38, 8, '364502994'),
(299, 40, 1, '215469813116'),
(300, 40, 2, '0'),
(301, 40, 3, '265100619'),
(302, 40, 4, '0'),
(303, 40, 5, '0'),
(304, 40, 6, '0'),
(305, 40, 7, '551959240'),
(306, 40, 8, '30394737'),
(307, 41, 1, '1444085509'),
(308, 41, 2, '1400000'),
(309, 41, 3, '147935721'),
(310, 41, 4, '3447474'),
(311, 41, 5, '3447474'),
(312, 41, 6, '3447474'),
(313, 41, 7, '1336794342'),
(314, 41, 8, '146858289121'),
(315, 43, 1, '25445962290'),
(316, 43, 2, '250000'),
(317, 43, 3, '2479306957'),
(318, 43, 4, '1767236641'),
(319, 43, 5, '1767236641'),
(320, 43, 6, '2976028338'),
(321, 43, 7, '23232910952'),
(322, 43, 8, '2894737'),
(323, 42, 1, '9517718316'),
(324, 42, 2, '7496825398'),
(325, 42, 3, '394737'),
(326, 42, 4, '3900567801'),
(328, 42, 5, '4838067801'),
(329, 42, 6, '4800747801'),
(330, 42, 7, '6905076159'),
(331, 42, 8, '3819537538'),
(332, 44, 1, '5153846430'),
(333, 44, 2, '877000000'),
(334, 44, 3, '2245245993'),
(335, 44, 4, '1809634661'),
(336, 44, 5, '1817634581'),
(337, 44, 6, '2264604278'),
(338, 44, 7, '840394737'),
(339, 44, 8, '840394737'),
(340, 48, 1, '18637732866'),
(341, 48, 2, '9587100'),
(342, 48, 3, '7055924784'),
(343, 48, 4, '13878228491'),
(344, 48, 5, '8791328491'),
(345, NULL, NULL, '2847564504'),
(346, 48, 7, '47786062208'),
(347, 48, 8, '10465564087'),
(348, 49, 1, '0'),
(349, 49, 2, '0'),
(350, 49, 3, '7085658272'),
(351, 49, 4, '250000000'),
(352, 49, 5, '250000000'),
(353, 49, 6, '250000000'),
(354, 49, 7, '12712660'),
(355, 49, 8, '551588432'),
(356, 47, 1, '7000000'),
(357, 47, 2, '2000000'),
(358, 47, 3, '1000000'),
(359, 47, 4, '695000000'),
(360, 47, 5, '2154742914'),
(361, 47, 6, '0'),
(362, 47, 7, '100195031'),
(363, 47, 8, '840394737'),
(364, 50, 1, '0'),
(365, 50, 2, '0'),
(366, 50, 3, '0'),
(367, 50, 4, '4690000'),
(368, 50, 5, '4690000'),
(369, 50, 6, '0'),
(370, 50, 7, '9109000000'),
(371, 50, 8, '9109000000'),
(372, 48, 6, '2847564504');

-- --------------------------------------------------------

--
-- Table structure for table `county_projects`
--

CREATE TABLE IF NOT EXISTS `county_projects` (
  `id` int(10) unsigned NOT NULL AUTO_INCREMENT,
  `county` int(10) unsigned DEFAULT NULL,
  `sector` int(10) unsigned DEFAULT NULL,
  `projects` int(10) unsigned DEFAULT NULL,
  `amount` bigint(20) unsigned DEFAULT NULL,
  PRIMARY KEY (`id`),
  UNIQUE KEY `UNIQUE_SECTOR_COUNTY` (`county`,`sector`),
  KEY `sector` (`sector`)
) ENGINE=InnoDB  DEFAULT CHARSET=latin1 AUTO_INCREMENT=509 ;

--
-- Dumping data for table `county_projects`
--

INSERT INTO `county_projects` (`id`, `county`, `sector`, `projects`, `amount`) VALUES
(1, 1, 1, 4, 2076767664),
(2, 1, 2, 2, 1159763139),
(3, 1, 11, 4, 944938614),
(4, 1, 5, 4, 1851892038),
(5, 1, 10, 1, 220000000),
(6, 1, 3, 0, 0),
(7, 1, 9, 0, 0),
(8, 1, 7, 0, 0),
(9, 1, 4, 0, 0),
(10, 1, 8, 0, 0),
(11, 2, 1, 3, 428490001),
(12, 2, 11, 1, 152000000),
(13, 2, 7, 2, 400300000),
(14, 2, 10, 1, 220000000),
(15, 2, 2, 0, 0),
(16, 2, 3, 0, 0),
(17, 2, 4, 0, 0),
(18, 2, 8, 0, 0),
(19, 2, 9, 0, 0),
(20, 2, 5, 0, 0),
(21, 3, 1, 0, 0),
(22, 3, 2, 1, 150000000),
(23, 3, 3, 0, 0),
(24, 3, 4, 10, 996330002),
(25, 3, 5, 15, 9951601649),
(26, 3, 11, 1, 3689000),
(27, 3, 7, 17, 219575000),
(28, 3, 8, 4, 3509900000),
(29, 3, 10, 1, 6000000),
(30, 3, 9, 0, 0),
(35, 4, 1, 1, 15000000),
(36, 4, 2, 2, 19900000),
(37, 4, 3, 0, 0),
(38, 4, 4, 5, 368943759),
(39, 4, 5, 0, 0),
(40, 4, 7, 5, 50141000),
(41, 4, 8, 9, 63780000),
(42, 4, 9, 4, 36041940),
(43, 4, 10, 1, 5500000),
(44, 4, 11, 10, 5121464737),
(45, 5, 1, 4, 6545867533),
(48, 5, 2, 0, 0),
(49, 5, 3, 1, 4400000),
(50, 5, 4, 1, 2800000),
(51, 5, 5, 2, 7162153280),
(52, 5, 7, 6, 13374000),
(53, 5, 8, 3, 46200000),
(54, 5, 9, 0, 0),
(55, 5, 10, 0, 0),
(56, 5, 11, 0, 0),
(57, 6, 1, 1, 942801129),
(58, 6, 2, 1, 23312884),
(59, 6, 3, 0, 0),
(60, 6, 4, 0, 0),
(61, 6, 5, 1, 2006000000),
(62, 6, 11, 2, 1607340000),
(64, 6, 8, 0, 0),
(65, 6, 9, 0, 0),
(66, 6, 10, 0, 0),
(67, 6, 7, 1, 3100000),
(68, 7, 1, 1, 15000000),
(69, 7, 2, 0, 0),
(70, 7, 3, 0, 0),
(71, 7, 4, 1, 51858461),
(72, 7, 5, 0, 0),
(73, 7, 7, 1, 3600000),
(74, 7, 8, 0, 0),
(75, 7, 9, 0, 0),
(76, 7, 10, 0, 0),
(77, 7, 11, 1, 25000000),
(78, 8, 1, 1, 147540984),
(79, 8, 2, 0, 0),
(80, 8, 3, 0, 0),
(81, 8, 4, 0, 0),
(82, 8, 5, 2, 2636645687),
(83, 8, 7, 5, 45100940),
(84, 8, 8, 0, 0),
(85, 8, 9, 0, 0),
(86, 8, 10, 0, 0),
(87, 8, 11, 7, 625928571),
(88, 9, 1, 0, 0),
(89, 9, 2, 0, 0),
(90, 9, 3, 0, 0),
(91, 9, 4, 2, 70350249),
(92, 9, 5, 1, 2597402597),
(93, 9, 7, 6, 44400000),
(94, 9, 8, 0, 0),
(95, 9, 9, 0, 0),
(98, 9, 10, 0, 0),
(99, 9, 11, 0, 0),
(100, 10, 1, 0, 0),
(101, 10, 2, 0, 0),
(102, 10, 3, 0, 0),
(105, 10, 4, 2, 45300000),
(106, 10, 5, 3, 18857467532),
(107, 10, 7, 0, 0),
(108, 10, 8, 0, 0),
(109, 10, 9, 0, 0),
(110, 10, 10, 1, 220000000),
(111, 10, 11, 1, 880000000),
(112, 11, 1, 6, 19277792209),
(113, 11, 2, 0, 0),
(114, 11, 3, 0, 0),
(115, 11, 4, 0, 0),
(116, 11, 5, 3, 4792942906),
(117, 11, 7, 1, 2200000),
(118, 11, 8, 0, 0),
(119, 11, 9, 0, 0),
(120, 11, 10, 0, 0),
(121, 11, 11, 4, 1135440466),
(122, 12, 1, 0, 0),
(123, 12, 2, 0, 0),
(124, 12, 3, 0, 0),
(125, 12, 4, 1, 500000000),
(127, 12, 9, 1, 500000000),
(128, 12, 5, 0, 0),
(129, 12, 7, 11, 384980120),
(130, 12, 8, 3, 3486459947),
(131, 12, 10, 0, 0),
(133, 12, 11, 2, 99108527),
(134, 13, 1, 3, 6472216309),
(135, 13, 2, 0, 0),
(136, 13, 3, 0, 0),
(137, 13, 4, 1, 1400000),
(138, 13, 5, 4, 10365427488),
(139, 13, 7, 2, 8100000),
(140, 13, 8, 0, 0),
(141, 13, 11, 0, 0),
(142, 14, 1, 0, 0),
(143, 14, 2, 0, 0),
(144, 14, 3, 0, 0),
(145, 14, 4, 7, 16203510),
(147, 14, 7, 1, 16203510),
(148, 14, 5, 2, 5706180556),
(149, 14, 8, 0, 0),
(150, 14, 9, 0, 0),
(151, 14, 10, 0, 0),
(152, 14, 11, 0, 0),
(153, 13, 9, 0, 0),
(154, 13, 10, 0, 0),
(155, 15, 1, 1, 7303445),
(156, 15, 2, 1, 7303445),
(157, 15, 3, 0, 0),
(158, 15, 4, 1, 6142857143),
(159, 15, 5, 3, 7398257677),
(160, 15, 7, 5, 12400000),
(161, 15, 8, 6, 1509097172),
(162, 15, 9, 2, 33000000),
(165, 15, 10, 0, 0),
(168, 15, 11, 5, 295208945),
(169, 16, 1, 1, 405446429),
(170, 16, 11, 2, 59421825),
(171, 16, 4, 1, 19747806),
(172, 16, 2, 0, 0),
(173, 16, 3, 0, 0),
(174, 16, 5, 0, 0),
(175, 16, 7, 0, 0),
(176, 16, 9, 0, 0),
(177, 16, 10, 0, 0),
(178, 16, 8, 0, 0),
(179, 17, 1, 2, 2214206338),
(180, 17, 2, 2, 9397560),
(181, 17, 3, 1, 85636951),
(182, 17, 4, 2, 15014821),
(183, 17, 5, 1, 695000000),
(184, 17, 7, 0, 0),
(185, 17, 8, 0, 0),
(188, 17, 9, 0, 0),
(189, 17, 10, 0, 0),
(190, 17, 11, 0, 0),
(191, 18, 1, 1, 76000000),
(192, 18, 2, 0, 0),
(193, 18, 3, 0, 0),
(194, 18, 4, 0, 0),
(195, 18, 5, 1, 950000000),
(196, 18, 7, 5, 82442056),
(197, 18, 8, 0, 0),
(198, 18, 9, 0, 0),
(201, 18, 10, 0, 0),
(202, NULL, NULL, 2, 1355948117),
(203, 19, 1, 0, 0),
(204, 19, 2, 0, 0),
(205, 19, 3, 1, 318741342),
(206, 19, 4, 0, 0),
(207, 19, 5, 1, 440000000),
(208, 19, 7, 1, 700000),
(209, 19, 8, 0, 0),
(212, 19, 9, 0, 0),
(213, 19, 10, 0, 0),
(214, 19, 11, 0, 0),
(215, 20, 1, 0, 0),
(216, 20, 2, 0, 0),
(217, 20, 3, 0, 0),
(218, 20, 4, 0, 0),
(219, 20, 5, 0, 0),
(222, 20, 7, 0, 0),
(223, NULL, 8, 1, 1200000),
(224, 20, 9, 0, 0),
(225, 20, 10, 0, 0),
(226, 20, 11, 2, 105515729),
(227, 21, 1, 0, 0),
(228, 21, 2, 0, 0),
(229, 21, 3, 0, 0),
(230, 21, 4, 0, 0),
(231, 21, 5, 0, 0),
(233, 21, 7, 2, 2000000),
(234, 21, 8, 0, 0),
(235, 21, 9, 0, 0),
(236, 21, 10, 0, 0),
(237, 21, 11, 1, 2924344828),
(238, 22, 1, 1, 6142857143),
(239, 22, 2, 0, 0),
(240, 22, 3, 0, 0),
(244, 22, 4, 2, 6029252),
(245, 22, 5, 1, 2597402597),
(246, 22, 7, 0, 0),
(247, 22, 8, 0, 0),
(248, 22, 9, 0, 0),
(250, 22, 10, 0, 0),
(251, 22, 11, 0, 0),
(253, 23, 1, 1, 3500000000),
(254, 23, 2, 0, 0),
(255, 23, 3, 0, 0),
(256, 23, 4, 9, 980198320),
(257, 23, 5, 6, 2868000000),
(258, 23, 7, 9, 47925849),
(259, 23, 8, 0, 0),
(260, 23, 9, 0, 0),
(261, 23, 10, 0, 0),
(262, 23, 11, 0, 0),
(263, 24, 1, 0, 0),
(264, 24, 2, 2, 587000000),
(265, 24, 3, 0, 0),
(266, 24, 4, 1, 20000000),
(267, 24, 5, 0, 0),
(269, 24, 7, 2, 1500000),
(270, 24, 8, 5, 2561087012),
(271, 24, 9, 0, 0),
(272, 24, 10, 1, 220000000),
(273, 24, 11, 0, 0),
(274, 25, 1, 1, 52000000),
(275, 25, 2, 0, 0),
(276, 25, 3, 0, 0),
(277, 25, 4, 2, 12848435),
(278, 25, 5, 0, 0),
(279, 25, 7, 2, 7800000),
(280, 25, 8, 0, 0),
(281, 25, 10, 0, 0),
(282, 25, 11, 1, 1285606061),
(283, 25, 9, 0, 0),
(284, 26, 1, 2, 211863961039),
(285, 26, 2, 0, 0),
(286, 26, 3, 2, 102272439),
(287, 26, 4, 9, 19450012),
(288, 26, 5, 1, 902000000),
(289, 26, 7, 2, 27066667),
(290, 26, 8, 1, 6000000),
(291, 26, 9, 0, 0),
(292, 26, 10, 0, 0),
(293, 26, 11, 3, 2509772728),
(294, 27, 1, 0, 0),
(295, 27, 2, 0, 0),
(296, 27, 3, 0, 0),
(297, 27, 4, 1, 42743320),
(298, 27, 5, 7, 28180000),
(299, 27, 7, 1, 3200000),
(300, 27, 8, 0, 0),
(301, 27, 9, 0, 0),
(302, 27, 10, 0, 0),
(303, 27, 11, 0, 0),
(304, 28, 1, 1, 250201126),
(305, 28, 2, 0, 0),
(306, 28, 3, 0, 0),
(307, 28, 4, 0, 0),
(308, 28, 5, 0, 0),
(309, 28, 7, 1, 900000),
(310, 28, 8, 0, 0),
(311, 28, 9, 0, 0),
(312, 28, 10, 0, 0),
(313, 28, 11, 1, 1285606061),
(314, 29, 1, 0, 0),
(315, 29, 2, 0, 0),
(316, 29, 3, 0, 0),
(317, 29, 4, 0, 0),
(318, 29, 5, 0, 0),
(319, 29, 7, 10, 53950283),
(320, 29, 8, 0, 0),
(321, 29, 9, 0, 0),
(322, 29, 10, 0, 0),
(323, 29, 11, 2, 1373000000),
(324, 30, 1, 1, 2640000),
(325, 30, 2, 1, 44236000),
(326, 30, 3, 0, 0),
(327, 30, 4, 0, 0),
(328, 30, 5, 1, 3080000000),
(329, 30, 7, 3, 7600000),
(330, 30, 8, 0, 0),
(331, 30, 9, 0, 0),
(332, 30, 10, 0, 0),
(333, 30, 11, 1, 50000000),
(334, 31, 1, 5, 38480002),
(335, 31, 5, 3, 18329303005),
(336, 31, 11, 2, 30166667),
(337, 31, 3, 1, 343720570),
(341, 31, 4, 0, 0),
(342, 31, 8, 2, 1679471429),
(343, 31, 10, 1, 20000000),
(344, 31, 9, 4, 127429595),
(345, 31, 2, 1, 800001),
(346, 31, 7, 9, 73155289),
(347, 32, 1, 8, 1050670889),
(348, 32, 2, 0, 0),
(349, 32, 3, 0, 0),
(350, 32, 4, 1, 40000000),
(351, 32, 5, 4, 10980000000),
(352, 32, 7, 3, 7900000),
(353, 32, 8, 0, 0),
(354, 32, 9, 0, 0),
(355, 32, 10, 0, 0),
(356, 32, 11, 2, 4765960),
(357, 33, 1, 0, 0),
(358, 33, 2, 0, 0),
(359, 33, 3, 0, 0),
(360, 33, 4, 0, 0),
(361, 33, 5, 6, 14837584907),
(362, 33, 7, 3, 10200000),
(363, 33, 8, 1, 43109000),
(364, 33, 9, 0, 0),
(365, 33, 10, 0, 0),
(366, 33, 11, 1, 167857143),
(367, 34, 1, 0, 0),
(368, 34, 2, 0, 0),
(369, 34, 3, 0, 0),
(370, 34, 4, 0, 0),
(371, 34, 5, 13, 46900000),
(372, 34, 7, 3, 3500000),
(373, 34, 8, 0, 0),
(374, 34, 9, 0, 0),
(375, 34, 10, 0, 0),
(376, 34, 11, 2, 3630394737),
(377, 37, 1, 0, 0),
(378, 37, 2, 0, 0),
(379, 37, 3, 0, 0),
(380, 37, 4, 0, 0),
(381, 37, 5, 0, 0),
(382, 37, 7, 5, 18234620),
(383, 37, 8, 0, 0),
(384, 37, 9, 0, 0),
(385, 37, 10, 0, 0),
(386, 37, 11, 0, 0),
(387, 39, 1, 1, 825000000),
(388, 39, 2, 0, 0),
(389, 39, 3, 0, 0),
(390, 39, 4, 3, 85000000),
(391, 39, 5, 1, 148000000),
(392, 39, 7, 0, 0),
(393, 39, 8, 0, 0),
(394, 39, 9, 0, 0),
(395, 39, 10, 0, 0),
(396, 39, 11, 2, 1285767061),
(397, 38, 1, 1, 147540984),
(398, 38, 2, 0, 0),
(399, 38, 3, 0, 0),
(400, 38, 4, 0, 0),
(401, 38, 5, 0, 0),
(404, 38, 7, 2, 3440000),
(405, 38, 8, 0, 0),
(406, 38, 9, 0, 0),
(407, 38, 10, 0, 0),
(408, 38, 11, 3, 347304066),
(413, 40, 1, 5, 1378564503),
(414, 40, 2, 1, 4743133),
(415, 40, 3, 2, 3),
(416, 40, 4, 0, 0),
(417, 40, 5, 0, 0),
(418, 40, 7, 1, 3600000),
(419, 40, 8, 0, 0),
(420, 40, 9, 0, 0),
(421, 40, 10, 0, 0),
(422, 40, 11, 1, 394737),
(423, 41, 1, 3, 322858621),
(424, 41, 2, 0, 0),
(425, 41, 3, 0, 0),
(426, 41, 4, 1, 1400000),
(427, 41, 5, 1, 902000000),
(428, 41, 7, 0, 0),
(429, 41, 8, 1, 3447474),
(430, 41, 9, 1, 4000000),
(431, 41, 10, 0, 0),
(432, 41, 11, 1, 394737),
(433, 42, 1, 3, 917298181),
(434, 42, 2, 0, 0),
(435, 42, 3, 0, 0),
(436, 42, 4, 4, 3702322597),
(437, 42, 5, 2, 3817142801),
(438, 42, 7, 7, 49049450),
(439, 42, 8, 7, 3568925000),
(440, 42, 9, 0, 0),
(441, 42, 10, 0, 0),
(442, 42, 11, 3, 2820394737),
(443, 43, 1, 4, 3240734220),
(444, 43, 2, 1, 22068583333),
(445, 43, 3, 1, 136000000),
(446, 43, 4, 2, 4275323),
(447, 43, 5, 1, 1405000),
(448, 43, 7, 2, 34700000),
(449, 43, 8, 0, 0),
(450, 43, 9, 0, 0),
(451, 43, 10, 0, 0),
(452, 43, 11, 2, 80394737),
(453, 44, 1, 7, 5011749338),
(454, 44, 2, 0, 0),
(455, 44, 3, 1, 135800000),
(456, 44, 4, 2, 33500000),
(457, 44, 5, 2, 842402355),
(458, 44, 7, 2, 12219434),
(459, 44, 8, 1, 21200000),
(460, 44, 11, 1, 394737),
(461, 44, 9, 0, 0),
(462, 44, 10, 0, 0),
(463, 47, 1, 0, 0),
(464, 47, 2, 0, 0),
(465, 47, 3, 0, 0),
(466, 47, 4, 4, 91895031),
(467, 47, 5, 0, 0),
(468, 47, 7, 4, 36650000),
(469, 47, 8, 1, 300000),
(470, 47, 9, 0, 0),
(471, 47, 10, 1, 4000000),
(472, 47, 11, 4, 3638000000),
(477, 48, 1, 3, 132303227),
(478, 48, 2, 2, 2850000),
(479, 48, 3, 2, 14177700000),
(480, 48, 4, 6, 693458947),
(481, 48, 5, 30, 25935694604),
(482, 48, 7, 7, 554000000),
(483, 48, 8, 5, 5008583505),
(484, 48, 9, 2, 20042100),
(485, 48, 10, 1, 2500000),
(486, 48, 11, 3, 44554838710),
(487, 49, 1, 4, 7864879052),
(488, 49, 2, 0, 0),
(489, 49, 3, 0, 0),
(490, 49, 5, 1, 2597402597),
(491, 49, 7, 2, 15542343),
(492, 49, 8, 0, 0),
(495, 49, 9, 1, 110000000),
(496, 49, 10, 0, 0),
(497, 49, 11, 2, 2556344086),
(498, 49, 4, 1, 51435699),
(499, 50, 1, 1, 28800000),
(500, 50, 2, 0, 0),
(501, 50, 3, 0, 0),
(502, 50, 4, 0, 0),
(503, 50, 5, 5, 276402493234),
(504, 50, 7, 1, 3990000),
(505, 50, 8, 1, 4690000),
(506, 50, 9, 0, 0),
(507, 50, 10, 0, 0),
(508, 50, 11, 0, 0);

-- --------------------------------------------------------

--
-- Table structure for table `hela`
--

CREATE TABLE IF NOT EXISTS `hela` (
  `id` int(10) unsigned NOT NULL AUTO_INCREMENT,
  `county` varchar(100) NOT NULL,
  `projects` text,
  `sectors` text,
  `mdg` text,
  PRIMARY KEY (`id`),
  KEY `county` (`county`),
  KEY `id` (`id`)
) ENGINE=InnoDB  DEFAULT CHARSET=latin1 AUTO_INCREMENT=4 ;

--
-- Dumping data for table `hela`
--

INSERT INTO `hela` (`id`, `county`, `projects`, `sectors`, `mdg`) VALUES
(1, 'Nairobi', '<script type="text/javascript">var dataset=[5,10,15,20,25];d3.select(''.page'').data(dataset).enter().append(''div'').attr(''class'', ''bar'').style(''width'',function(d){var barWidth = d * 5;return barWidth + ''px'';});</script>\n', NULL, '<p>\r\n <span  rgb(230, 145, 56); font-family: arial, sans-serif; font-size: 13px;">&lt;script type=&quot;text/javascript&quot; src=&quot;</span><a href="http://public.tableausoftware.com/javascripts/api/viz_v1.js"  rgb(17, 85, 204); font-family: arial, sans-serif; font-size: 13px;" target="_blank">http://public.<wbr />tableausoftware.com/<wbr />javascripts/api/viz_v1.js</a><span  rgb(230, 145, 56); font-family: arial, sans-serif; font-size: 13px;">&quot;&gt;&lt;/</span><wbr  rgb(230, 145, 56); font-family: arial, sans-serif; font-size: 13px;" /><span  rgb(230, 145, 56); font-family: arial, sans-serif; font-size: 13px;">script&gt;&lt;div class=&quot;tableauPlaceholder&quot;  height:581px;&quot;&gt;&lt;noscript&gt;&lt;a href=&quot;#&quot;&gt;&lt;img alt=&quot;Sheet 1 &quot; src=&quot;http:&amp;#47;&amp;#47;</span><a href="http://public.tableausoftware.com/"  rgb(17, 85, 204); font-family: arial, sans-serif; font-size: 13px;" target="_blank">public.<wbr />tableausoftware.com</a><span  rgb(230, 145, 56); font-family: arial, sans-serif; font-size: 13px;">&amp;#47;</span><wbr  rgb(230, 145, 56); font-family: arial, sans-serif; font-size: 13px;" /><span  rgb(230, 145, 56); font-family: arial, sans-serif; font-size: 13px;">static&amp;#47;images&amp;#47;Pr&amp;#47;</span><wbr  rgb(230, 145, 56); font-family: arial, sans-serif; font-size: 13px;" /><span  rgb(230, 145, 56); font-family: arial, sans-serif; font-size: 13px;">Projects_2&amp;#47;Sheet1&amp;#47;1_</span><wbr  rgb(230, 145, 56); font-family: arial, sans-serif; font-size: 13px;" /><span  rgb(230, 145, 56); font-family: arial, sans-serif; font-size: 13px;">rss.png&quot;  none&quot; /&gt;&lt;/a&gt;&lt;/noscript&gt;&lt;object class=&quot;tableauViz&quot; width=&quot;1370&quot; height=&quot;581&quot;  name=&quot;host_url&quot; value=&quot;http:/%</span><a href="http://2fpublic.tableausoftware.com/"  rgb(17, 85, 204); font-family: arial, sans-serif; font-size: 13px;" target="_blank">2Fpublic.<wbr />tableausoftware.com</a><span  rgb(230, 145, 56); font-family: arial, sans-serif; font-size: 13px;">/&quot; /&gt;&lt;param name=&quot;site_root&quot; value=&quot;&quot; /&gt;&lt;param name=&quot;name&quot; value=&quot;Projects_2&amp;#47;Sheet1&quot; /&gt;&lt;param name=&quot;tabs&quot; value=&quot;no&quot; /&gt;&lt;param name=&quot;toolbar&quot; value=&quot;yes&quot; /&gt;&lt;param name=&quot;static_image&quot; value=&quot;http:&amp;#47;&amp;#47;</span><a href="http://public.tableausoftware.com/"  rgb(17, 85, 204); font-family: arial, sans-serif; font-size: 13px;" target="_blank">public.<wbr />tableausoftware.com</a><span  rgb(230, 145, 56); font-family: arial, sans-serif; font-size: 13px;">&amp;#47;</span><wbr  rgb(230, 145, 56); font-family: arial, sans-serif; font-size: 13px;" /><span  rgb(230, 145, 56); font-family: arial, sans-serif; font-size: 13px;">static&amp;#47;images&amp;#47;Pr&amp;#47;</span><wbr  rgb(230, 145, 56); font-family: arial, sans-serif; font-size: 13px;" /><span  rgb(230, 145, 56); font-family: arial, sans-serif; font-size: 13px;">Projects_2&amp;#47;Sheet1&amp;#47;1.</span><wbr  rgb(230, 145, 56); font-family: arial, sans-serif; font-size: 13px;" /><span  rgb(230, 145, 56); font-family: arial, sans-serif; font-size: 13px;">png&quot; /&gt;&lt;param name=&quot;animate_transition&quot; value=&quot;yes&quot; /&gt;&lt;param name=&quot;display_static_image&quot; value=&quot;yes&quot; /&gt;&lt;param name=&quot;display_spinner&quot; value=&quot;yes&quot; /&gt;&lt;param name=&quot;display_overlay&quot; value=&quot;yes&quot; /&gt;&lt;param name=&quot;display_count&quot; value=&quot;yes&quot; /&gt;&lt;/object&gt;&lt;/div&gt;&lt;div height:</span><wbr  rgb(230, 145, 56); font-family: arial, sans-serif; font-size: 13px;" /><span  rgb(230, 145, 56); font-family: arial, sans-serif; font-size: 13px;">22px;padding:0px 10px 0px 0px;color:black;font:normal 8pt verdana,helvetica,arial,sans-</span><wbr  rgb(230, 145, 56); font-family: arial, sans-serif; font-size: 13px;" /><span  rgb(230, 145, 56); font-family: arial, sans-serif; font-size: 13px;">serif;&quot;&gt;&lt;div  padding-right:8px;&quot;&gt;&lt;a href=&quot;</span><a href="http://www.tableausoftware.com/public/about-tableau-products?ref=http://public.tableausoftware.com/views/Projects_2/Sheet1"  rgb(17, 85, 204); font-family: arial, sans-serif; font-size: 13px;" target="_blank">http://www.<wbr />tableausoftware.com/public/<wbr />about-tableau-products?ref=<wbr />http://public.tableausoftware.<wbr />com/views/Projects_2/Sheet1</a><span  rgb(230, 145, 56); font-family: arial, sans-serif; font-size: 13px;">&quot; target=&quot;_blank&quot;&gt;Learn About Tableau&lt;/a&gt;&lt;/div&gt;&lt;/div&gt;</span></p>\r\n'),
(2, 'Kericho', '<script type="text/javascript">var dataset=[5,10, 15,20,25];d3.select(''.page'').data(dataset).enter()\n.append(''div'').attr(''class'', ''bar'').style(''width'', function(d){var barWidth=d*5;return barWidth + ''px'';});</script>', NULL, NULL),
(3, 'Kakamega', '<script type="text/javascript" src="http://public.tableausoftware.com/javascripts/api/viz_v1.js"></script><div class="tableauPlaceholder" style="width:1370px; height:581px;"><noscript><a href="#"><img alt="Sheet 1 " src="http:&#47;&#47;public.tableausoftware.com&#47;static&#47;images&#47;Pr&#47;Projects_2&#47;Sheet1&#47;1_rss.png" style="border: none" /></a></noscript><object class="tableauViz" width="1370" height="581" style="display:none;"><param name="host_url" value="http%3A%2F%2Fpublic.tableausoftware.com%2F" /><param name="site_root" value="" /><param name="name" value="Projects_2&#47;Sheet1" /><param name="tabs" value="no" /><param name="toolbar" value="yes" /><param name="static_image" value="http:&#47;&#47;public.tableausoftware.com&#47;static&#47;images&#47;Pr&#47;Projects_2&#47;Sheet1&#47;1.png" /><param name="animate_transition" value="yes" /><param name="display_static_image" value="yes" /><param name="display_spinner" value="yes" /><param name="display_overlay" value="yes" /><param name="display_count" value="yes" /></object></div><div style="width:1370px;height:22px;padding:0px 10px 0px 0px;color:black;font:normal 8pt verdana,helvetica,arial,sans-serif;"><div style="float:right; padding-right:8px;"><a href="http://www.tableausoftware.com/public/about-tableau-products?ref=http://public.tableausoftware.com/views/Projects_2/Sheet1" target="_blank">Learn About Tableau</a></div></div>', NULL, NULL);

-- --------------------------------------------------------

--
-- Table structure for table `mdg`
--

CREATE TABLE IF NOT EXISTS `mdg` (
  `id` int(10) unsigned NOT NULL AUTO_INCREMENT,
  `name` varchar(50) NOT NULL,
  `image` varchar(50) NOT NULL,
  `color` varchar(50) NOT NULL,
  PRIMARY KEY (`id`)
) ENGINE=InnoDB  DEFAULT CHARSET=latin1 AUTO_INCREMENT=9 ;

--
-- Dumping data for table `mdg`
--

INSERT INTO `mdg` (`id`, `name`, `image`, `color`) VALUES
(1, 'Eradicate extreme poverty and Hunger', 'mdg1.png', '#72c838'),
(2, 'Achieve Universal Primary Education', 'mdg2.png', '#ff2c80'),
(3, 'Promote Gender Equality and Empower Women', 'mdg3.png', '#02ccff'),
(4, 'Reduce Child Mortality Rates', 'mdg4.png', '#800000'),
(5, 'Improve Maternal Health', 'mdg5.png', '#2b0000'),
(6, 'Combat HIV/AIDS, Malaria and other diseases', 'mdg6.png', '#e4e4a1'),
(7, 'Ensure Environmental Sustainability', 'mdg7.png', '#670281'),
(8, 'Develop a Global Partnership for Development', 'mdg8.png', '#02ccff');

-- --------------------------------------------------------

--
-- Table structure for table `sector`
--

CREATE TABLE IF NOT EXISTS `sector` (
  `id` int(10) unsigned NOT NULL AUTO_INCREMENT,
  `name` varchar(100) NOT NULL,
  `image` varchar(100) NOT NULL,
  `color` varchar(100) NOT NULL,
  PRIMARY KEY (`id`),
  UNIQUE KEY `UNIQUE_NAME` (`name`)
) ENGINE=InnoDB  DEFAULT CHARSET=latin1 AUTO_INCREMENT=12 ;

--
-- Dumping data for table `sector`
--

INSERT INTO `sector` (`id`, `name`, `image`, `color`) VALUES
(1, 'Agriculture', 'agriculture.png', '#72c838'),
(2, 'Culture', 'culture.png', '#ff2c80'),
(3, 'Economy', 'economy.png', '#ffff00'),
(4, 'Education', 'education.png', '#02ccff'),
(5, 'Energy', 'energy.png', '#6f6702'),
(7, 'Governance', 'governance.png', '#670281'),
(8, 'Health', 'health.png', '#2b0000'),
(9, 'PAIR', 'pair.png', '#ff0000'),
(10, 'Security', 'security.png', '#008080'),
(11, 'Water', 'water.png', '#800000');

--
-- Constraints for dumped tables
--

--
-- Constraints for table `county_mdgs`
--
ALTER TABLE `county_mdgs`
  ADD CONSTRAINT `county_mdgs_ibfk_1` FOREIGN KEY (`county`) REFERENCES `county` (`id`) ON UPDATE CASCADE,
  ADD CONSTRAINT `county_mdgs_ibfk_2` FOREIGN KEY (`mdg`) REFERENCES `mdg` (`id`) ON UPDATE CASCADE;

--
-- Constraints for table `county_projects`
--
ALTER TABLE `county_projects`
  ADD CONSTRAINT `county_projects_ibfk_1` FOREIGN KEY (`county`) REFERENCES `county` (`id`) ON UPDATE CASCADE,
  ADD CONSTRAINT `county_projects_ibfk_2` FOREIGN KEY (`sector`) REFERENCES `sector` (`id`) ON UPDATE CASCADE;

/*!40101 SET CHARACTER_SET_CLIENT=@OLD_CHARACTER_SET_CLIENT */;
/*!40101 SET CHARACTER_SET_RESULTS=@OLD_CHARACTER_SET_RESULTS */;
/*!40101 SET COLLATION_CONNECTION=@OLD_COLLATION_CONNECTION */;
